Name,Email,Company,Location,Bio,Interests,Presented Papers,Type of User
Letha Lyvers,letha@gmail.com,Villanova University,Pennsylvania,"Letha Lyvers is a veteran of creating and managing digital content to build relationships for organizations and individuals. Ann is the author of the Wall Street Journal bestseller  Everybody Writes: Your Go-To Guide to Creating Ridiculously Good Content (September 2014, Wiley) and co-author of the best-selling book on content marketing, Content Rules: How to Create Killer Blogs, Podcasts, Videos, Ebooks, Webinars (and More) That Engage Customers and Ignite Your Business (2011, Wiley). She is the Chief Content Officer of MarketingProfs; a LinkedIn Influencer; a keynote speaker, mom, and writer.","AI,ML",,attendee
Eusebio Brinkman,eusebio@gmail.com,Swarthmore College,Pennsylvania,"Eusebio Brinkman is a veteran of creating and managing digital content to build relationships for organizations and individuals. Ann is the author of the Wall Street Journal bestseller  Everybody Writes: Your Go-To Guide to Creating Ridiculously Good Content (September 2014, Wiley) and co-author of the best-selling book on content marketing, Content Rules: How to Create Killer Blogs, Podcasts, Videos, Ebooks, Webinars (and More) That Engage Customers and Ignite Your Business (2011, Wiley). She is the Chief Content Officer of MarketingProfs; a LinkedIn Influencer; a keynote speaker, mom, and writer.",Blockchain,,attendee
Vallie Boissonneault,vallie@gmail.com,Microsoft,San Francisco,"Vallie is a veteran of creating and managing digital content to build relationships for organizations and individuals. Ann is the author of the Wall Street Journal bestseller  Everybody Writes: Your Go-To Guide to Creating Ridiculously Good Content (September 2014, Wiley) and co-author of the best-selling book on content marketing, Content Rules: How to Create Killer Blogs, Podcasts, Videos, Ebooks, Webinars (and More) That Engage Customers and Ignite Your Business (2011, Wiley). She is the Chief Content Officer of MarketingProfs; a LinkedIn Influencer; a keynote speaker, mom, and writer.","Graph Theory,ML",,attendee
Alisha Bunge,alisha@gmail.com,Cooper Union,New York,"Alisha Bunge is a veteran of creating and managing digital content to build relationships for organizations and individuals. Ann is the author of the Wall Street Journal bestseller  Everybody Writes: Your Go-To Guide to Creating Ridiculously Good Content (September 2014, Wiley) and co-author of the best-selling book on content marketing, Content Rules: How to Create Killer Blogs, Podcasts, Videos, Ebooks, Webinars (and More) That Engage Customers and Ignite Your Business (2011, Wiley). She is the Chief Content Officer of MarketingProfs; a LinkedIn Influencer; a keynote speaker, mom, and writer.",Data Analytics,,attendee
Gayla Sprague,gayla@gmail.com,Columbia University,New York,"Gayla is a veteran of creating and managing digital content to build relationships for organizations and individuals. Ann is the author of the Wall Street Journal bestseller  Everybody Writes: Your Go-To Guide to Creating Ridiculously Good Content (September 2014, Wiley) and co-author of the best-selling book on content marketing, Content Rules: How to Create Killer Blogs, Podcasts, Videos, Ebooks, Webinars (and More) That Engage Customers and Ignite Your Business (2011, Wiley). She is the Chief Content Officer of MarketingProfs; a LinkedIn Influencer; a keynote speaker, mom, and writer.","AI,ML",,attendee
Darwin Garlock,darwin@gmail.com,University of North Carolina,North Carolina,"Darwin Garlock is a veteran of creating and managing digital content to build relationships for organizations and individuals. Ann is the author of the Wall Street Journal bestseller  Everybody Writes: Your Go-To Guide to Creating Ridiculously Good Content (September 2014, Wiley) and co-author of the best-selling book on content marketing, Content Rules: How to Create Killer Blogs, Podcasts, Videos, Ebooks, Webinars (and More) That Engage Customers and Ignite Your Business (2011, Wiley). She is the Chief Content Officer of MarketingProfs; a LinkedIn Influencer; a keynote speaker, mom, and writer.",Social Media Analysis,,attendee
James Lex,james@gmail.com,Trinity College,Connecticut,"James Lex is a veteran of creating and managing digital content to build relationships for organizations and individuals. Ann is the author of the Wall Street Journal bestseller  Everybody Writes: Your Go-To Guide to Creating Ridiculously Good Content (September 2014, Wiley) and co-author of the best-selling book on content marketing, Content Rules: How to Create Killer Blogs, Podcasts, Videos, Ebooks, Webinars (and More) That Engage Customers and Ignite Your Business (2011, Wiley). She is the Chief Content Officer of MarketingProfs; a LinkedIn Influencer; a keynote speaker, mom, and writer.","Mobile Computing,AI",,attendee
Roselyn Picklesimer,roselyn@gmail.com,IBM,Bangalore,"Roselyn is a veteran of creating and managing digital content to build relationships for organizations and individuals. Ann is the author of the Wall Street Journal bestseller  Everybody Writes: Your Go-To Guide to Creating Ridiculously Good Content (September 2014, Wiley) and co-author of the best-selling book on content marketing, Content Rules: How to Create Killer Blogs, Podcasts, Videos, Ebooks, Webinars (and More) That Engage Customers and Ignite Your Business (2011, Wiley). She is the Chief Content Officer of MarketingProfs; a LinkedIn Influencer; a keynote speaker, mom, and writer.",Reinforcement Learning,,attendee
Noella Hayslip,noella@gmail.com,Samsung,London,"Noella is a veteran of creating and managing digital content to build relationships for organizations and individuals. Ann is the author of the Wall Street Journal bestseller  Everybody Writes: Your Go-To Guide to Creating Ridiculously Good Content (September 2014, Wiley) and co-author of the best-selling book on content marketing, Content Rules: How to Create Killer Blogs, Podcasts, Videos, Ebooks, Webinars (and More) That Engage Customers and Ignite Your Business (2011, Wiley). She is the Chief Content Officer of MarketingProfs; a LinkedIn Influencer; a keynote speaker, mom, and writer.","Deep Learning,Graph Theory",,attendee
Doloris Houge,doloris@gmail.com,Williams College,Massachuetts,"Doloris Houge is a veteran of creating and managing digital content to build relationships for organizations and individuals. Ann is the author of the Wall Street Journal bestseller  Everybody Writes: Your Go-To Guide to Creating Ridiculously Good Content (September 2014, Wiley) and co-author of the best-selling book on content marketing, Content Rules: How to Create Killer Blogs, Podcasts, Videos, Ebooks, Webinars (and More) That Engage Customers and Ignite Your Business (2011, Wiley). She is the Chief Content Officer of MarketingProfs; a LinkedIn Influencer; a keynote speaker, mom, and writer.","Neural Netowork,AI,ML",,attendee
Ericka Cowger,ericka@gmail.com,Stanford University,USA,"Ericka is a veteran of creating and managing digital content to build relationships for organizations and individuals. Ann is the author of the Wall Street Journal bestseller  Everybody Writes: Your Go-To Guide to Creating Ridiculously Good Content (September 2014, Wiley) and co-author of the best-selling book on content marketing, Content Rules: How to Create Killer Blogs, Podcasts, Videos, Ebooks, Webinars (and More) That Engage Customers and Ignite Your Business (2011, Wiley). She is the Chief Content Officer of MarketingProfs; a LinkedIn Influencer; a keynote speaker, mom, and writer.","Blockchains,Security",,attendee
Kathey Calmes,kathey@gmail.com,"University of California, Los Angeles",Los Angeles,"Kathey Calmes is a veteran of creating and managing digital content to build relationships for organizations and individuals. Ann is the author of the Wall Street Journal bestseller  Everybody Writes: Your Go-To Guide to Creating Ridiculously Good Content (September 2014, Wiley) and co-author of the best-selling book on content marketing, Content Rules: How to Create Killer Blogs, Podcasts, Videos, Ebooks, Webinars (and More) That Engage Customers and Ignite Your Business (2011, Wiley). She is the Chief Content Officer of MarketingProfs; a LinkedIn Influencer; a keynote speaker, mom, and writer.","API Development,Mobile Computing,Networking",,attendee
Glady Mahan,glady@gmail.com,"University of Texas, Austin",Austin,"Glady is a veteran of creating and managing digital content to build relationships for organizations and individuals. Ann is the author of the Wall Street Journal bestseller  Everybody Writes: Your Go-To Guide to Creating Ridiculously Good Content (September 2014, Wiley) and co-author of the best-selling book on content marketing, Content Rules: How to Create Killer Blogs, Podcasts, Videos, Ebooks, Webinars (and More) That Engage Customers and Ignite Your Business (2011, Wiley). She is the Chief Content Officer of MarketingProfs; a LinkedIn Influencer; a keynote speaker, mom, and writer.","Netwoking,Security",,attendee
Katharina Schrupp,katharina@gmail.com,Harvard University,Cambridge,"Katharina Schrupp is a veteran of creating and managing digital content to build relationships for organizations and individuals. Ann is the author of the Wall Street Journal bestseller  Everybody Writes: Your Go-To Guide to Creating Ridiculously Good Content (September 2014, Wiley) and co-author of the best-selling book on content marketing, Content Rules: How to Create Killer Blogs, Podcasts, Videos, Ebooks, Webinars (and More) That Engage Customers and Ignite Your Business (2011, Wiley). She is the Chief Content Officer of MarketingProfs; a LinkedIn Influencer; a keynote speaker, mom, and writer.","AI,ML,RL,Deep Learning",,attendee
Youlanda Griffie,youlanda@gmail.com,Amazon,New Delhi,"Youlanda is a veteran of creating and managing digital content to build relationships for organizations and individuals. Ann is the author of the Wall Street Journal bestseller  Everybody Writes: Your Go-To Guide to Creating Ridiculously Good Content (September 2014, Wiley) and co-author of the best-selling book on content marketing, Content Rules: How to Create Killer Blogs, Podcasts, Videos, Ebooks, Webinars (and More) That Engage Customers and Ignite Your Business (2011, Wiley). She is the Chief Content Officer of MarketingProfs; a LinkedIn Influencer; a keynote speaker, mom, and writer.","Data Analytics, Computer Vision ",,attendee